date,returns
2020-01-01,-0.004414329220893517
2020-01-02,-0.0005977383386062172
2020-01-03,0.014109791931129574
2020-01-06,0.00607318199865804
2020-01-07,-0.012331178356677174
2020-01-08,0.0007583738866245442
2020-01-09,-0.004187709927907147
2020-01-10,0.0019890521860162105
2020-01-13,-0.012065502273491112
2020-01-14,0.0027341750150148107
2020-01-15,0.002683047349899638
2020-01-16,0.013405008251451703
2020-01-17,0.0033331601317752165
2020-01-20,0.004884373293581134
2020-01-21,-0.01114493347971386
2020-01-22,0.01882183299779222
2020-01-23,-0.014525164463666404
2020-01-24,0.009614414846579874
2020-01-27,-0.0018392325909907976
2020-01-28,-0.006245172143422375
2020-01-29,-0.004450280087432249
2020-01-30,-0.004576117445269247
2020-01-31,0.0038415127379919337
2020-02-03,-8.046956222441265e-05
2020-02-04,0.012660569304270857
2020-02-05,-0.013836832187562806
2020-02-06,0.0007753522826731923
2020-02-07,-0.006336446306572728
2020-02-10,0.007006974779664476
2020-02-11,-0.016144480337480546
2020-02-12,-0.001949554800795849
2020-02-13,0.0024813834186888156
2020-02-14,-0.01107414867197081
2020-02-17,0.008681724662865502
2020-02-18,0.0022297074329471695
2020-02-19,0.008854854165656671
2020-02-20,0.00847347886939609
2020-02-21,-0.007038836530997414
2020-02-24,-0.005582366063116305
2020-02-25,-0.0008266598861752205
2020-02-26,0.006783677807705077
2020-02-27,0.007607738327804342
2020-02-28,-0.0048774789656694795
2020-03-02,-0.00405757748204265
2020-03-03,-0.0055825833213322285
2020-03-04,-0.003873905833258776
2020-03-05,-0.0011033870205178088
2020-03-06,-0.0002545203815221153
2020-03-09,0.01726491574798169
2020-03-10,-0.0032512292782914394
2020-03-11,-0.0015097949362337755
2020-03-12,0.004468621832752223
2020-03-13,-0.006824592524559403
2020-03-16,-0.0021490171929792797
2020-03-17,0.0009065478492881042
2020-03-18,0.006993167576138117
2020-03-19,-0.009728118869974052
2020-03-20,0.011771755658296187
2020-03-23,-0.002019658927212831
2020-03-24,0.0021553313688290007
2020-03-25,0.007576706431476086
2020-03-26,0.006086343373816211
2020-03-27,0.009273855089403977
2020-03-30,0.0021855825314550247
2020-03-31,0.0006430931730039499
2020-04-01,0.003331828314236803
2020-04-02,-0.007165723121492681
2020-04-03,0.01051349895187359
2020-04-06,-0.0054030899891282244
2020-04-07,-0.009281951039060739
2020-04-08,0.017251270247508225
2020-04-09,-0.0002915595161028082
2020-04-10,-0.008632998978639584
2020-04-13,0.015618157760903431
2020-04-14,-0.0018377009954007994
2020-04-15,0.009296606302284493
2020-04-16,-0.0058359097867798065
2020-04-17,-0.0011902401700370495
2020-04-20,-0.012708234827810862
2020-04-21,-0.014471514870682177
2020-04-22,-0.007011476704501866
2020-04-23,0.00017568785175122944
2020-04-24,0.007183885681488344
2020-04-27,0.02020976400976658
2020-04-28,-0.007454903960756883
2020-04-29,0.008872322398150645
2020-04-30,-0.004034727667887194
2020-05-01,-0.00042023444882280825
2020-05-04,-0.011049532946377918
2020-05-05,-0.011031885894963381
2020-05-06,-0.005427684822404065
2020-05-07,-0.008744884978404963
2020-05-08,0.0007715648745880617
2020-05-11,-0.004820115710388165
2020-05-12,0.010805576589983112
2020-05-13,0.00202415769025196
2020-05-14,0.0021219055140577416
2020-05-15,0.009899481589542672
2020-05-18,0.00494489815229354
2020-05-19,0.0005013361433114463
2020-05-20,7.421310666077402e-05
2020-05-21,-0.00016758909761335468
2020-05-22,0.009413775648441983
2020-05-25,0.00706468493349362
2020-05-26,0.0037273436632494043
2020-05-27,0.007190634616658194
2020-05-28,-0.003556266390842809
2020-05-29,0.004888182437341334
2020-06-01,-0.01049866930376271
2020-06-02,0.011578164418047203
2020-06-03,0.0015203860709192144
2020-06-04,0.0022671440061714974
2020-06-05,0.005595070766363673
2020-06-08,0.0007223234051119709
2020-06-09,-0.0012328630793277014
2020-06-10,0.010318276976651278
2020-06-11,0.0017260053656791559
2020-06-12,-0.006526973383685605
2020-06-15,0.004316471326233613
2020-06-16,-0.012840963537499979
2020-06-17,0.014044339497885298
2020-06-18,-0.0005690488976038169
2020-06-19,0.0011670708275719932
2020-06-22,0.018862163668454727
2020-06-23,0.018013928632925138
2020-06-24,0.0017264534397388005
2020-06-25,0.005798930804631161
2020-06-26,0.00952143892244304
2020-06-29,0.014256168051772277
2020-06-30,-0.00024874319543710134
2020-07-01,0.0018820817114047097
2020-07-02,0.010597073778252699
2020-07-03,0.002956402420616167
2020-07-06,0.006835998858305718
2020-07-07,0.005678876207617128
2020-07-08,-0.008279295586331874
2020-07-09,-0.006071528094552405
2020-07-10,-0.020330710753304185
2020-07-13,-0.0012809656337340668
2020-07-14,0.011510699426646023
2020-07-15,-0.008073653949432595
2020-07-16,0.010670428587348069
2020-07-17,0.008796369383789374
2020-07-20,0.00036126250688222624
2020-07-21,0.0007391068498836546
2020-07-22,0.001462665126876134
2020-07-23,-0.006088695310232262
2020-07-24,-0.0014586432370517679
2020-07-27,0.00042748554736615557
2020-07-28,0.0056955035651159525
2020-07-29,0.0071345027649415355
2020-07-30,-0.005141904411897455
2020-07-31,0.007405705128667472
2020-08-03,-0.005422964323990996
2020-08-04,-0.0005513322638195946
2020-08-05,0.0037560428453647745
2020-08-06,0.0006187728236794119
2020-08-07,-0.0002156866435340804
2020-08-10,0.002955530063070527
2020-08-11,-0.0036223923876371896
2020-08-12,-0.0044213291532474025
2020-08-13,-0.0008329128623303881
2020-08-14,0.008490169699168524
2020-08-17,-1.3344642875809647e-05
2020-08-18,0.016036170663049906
2020-08-19,0.0025140261740049736
2020-08-20,-0.022995188945124347
2020-08-21,-0.002716429574060102
2020-08-24,0.014120272858995482
2020-08-25,0.000850766679875471
2020-08-26,-0.002702669410952769
2020-08-27,-0.006189277911985279
2020-08-28,0.011390382625916054
2020-08-31,0.008822596215887301
2020-09-01,0.006176278794001357
2020-09-02,0.004224815522727856
2020-09-03,0.012327250024107596
2020-09-04,0.00736961361918324
2020-09-07,-0.009038403225802235
2020-09-08,0.0069475483193405475
2020-09-09,0.0021570106809363975
2020-09-10,-8.255834966134788e-05
2020-09-11,0.006907105026044117
2020-09-14,0.001027092041197997
2020-09-15,-0.022668438831981892
2020-09-16,0.013259104959904323
2020-09-17,0.009101760011245201
2020-09-18,-0.0001807137669425893
2020-09-21,-0.0021791730322467447
2020-09-22,0.0026131874152131454
2020-09-23,-0.00947515061406958
2020-09-24,0.0032512453091206937
2020-09-25,-0.0010415764862292064
2020-09-28,-0.002023606738897024
2020-09-29,-0.006584948446790628
2020-09-30,-0.0046290896052355555
2020-10-01,0.009650371479664488
2020-10-02,0.011480168262627077
2020-10-05,0.004822704567128368
2020-10-06,0.0004357070519501813
2020-10-07,-0.00622322706542801
2020-10-08,0.006542029433133778
2020-10-09,0.013687489556759797
2020-10-12,-0.012116031634254381
2020-10-13,0.010194074417345622
2020-10-14,-0.016525357227842395
2020-10-15,-0.0019200726107872282
2020-10-16,0.0038769968970752394
2020-10-19,-0.010119896757367547
2020-10-20,-0.011335925809605754
2020-10-21,0.0022853901557178757
2020-10-22,0.00781372024759313
2020-10-23,-0.0030036243955164476
2020-10-26,0.011551136101993244
2020-10-27,-0.005439376530401015
2020-10-28,0.014834811234152843
2020-10-29,0.0017632400704369327
2020-10-30,0.0026824264464512153
2020-11-02,0.005719485620020677
2020-11-03,0.0033682148534994287
2020-11-04,0.015566242440028084
2020-11-05,0.018451864507266703
2020-11-06,0.00516894239530475
2020-11-09,-0.0005256381982630378
2020-11-10,-0.008608805592433339
2020-11-11,-0.005234997811639556
2020-11-12,0.0008739855120939344
2020-11-13,-1.0710856526765893e-05
2020-11-16,0.00045061121108579474
2020-11-17,0.0008403876082386052
2020-11-18,0.0047643177769623995
2020-11-19,-0.010005497641647019
2020-11-20,-0.007403805024068906
2020-11-23,0.009775366964125587
2020-11-24,0.007506340313243853
2020-11-25,-0.003486252071875502
2020-11-26,0.011162671844757967
2020-11-27,-0.004611130117757714
2020-11-30,-0.0012143366729876893
2020-12-01,-0.013803768519489657
2020-12-02,0.0075769781389206136
2020-12-03,0.0007299912697335344
2020-12-04,0.009358264923956581
2020-12-07,0.006474117267394403
2020-12-08,0.001595768550638331
2020-12-09,0.0021280556269858667
2020-12-10,0.010416557370468224
2020-12-11,-0.0004384963083912966
2020-12-14,-0.00033823028672570656
2020-12-15,0.0014415001931415731
2020-12-16,0.007349890431623625
2020-12-17,0.008305477086941758
2020-12-18,0.016275977740217128
2020-12-21,0.000328464483881623
2020-12-22,0.011107723493362759
2020-12-23,-0.004206659391814598
2020-12-24,0.005880139916557668
2020-12-25,0.0020773378108459683
2020-12-28,0.014975351516151814
2020-12-29,0.00598670822078165
2020-12-30,-0.002459558269911327
2020-12-31,0.0057639146827152985
2021-01-01,0.003918774685882556
2021-01-04,-0.0013780041729897384
2021-01-05,-0.0011924496614084202
2021-01-06,-0.006381523355153439
2021-01-07,0.02323465552962936
2021-01-08,0.0022632107349135765
2021-01-11,0.008981225705608364
2021-01-12,-0.008135924692715455
2021-01-13,-0.0074949211252550284
2021-01-14,-3.099367517141324e-05
2021-01-15,5.8282514636076805e-06
2021-01-18,0.007617624148241077
2021-01-19,-0.0068298117814442425
2021-01-20,0.005520691472841351
2021-01-21,0.013324427602445794
2021-01-22,-0.006109166985834245
2021-01-25,0.008483697002491504
2021-01-26,-0.0064792158812520114
2021-01-27,0.003975699891851015
2021-01-28,0.004113486751681603
2021-01-29,0.015106303328019908
2021-02-01,-0.004318622245479794
2021-02-02,0.0025538126413325152
2021-02-03,0.009556127341965205
2021-02-04,-0.00816981541668929
2021-02-05,0.0011334410808347241
2021-02-08,-0.005755279724809246
2021-02-09,-0.004411337527790162
2021-02-10,0.006659514566006665
2021-02-11,0.006807771291738813
2021-02-12,0.021824848954752993
2021-02-15,0.012219643412496197
2021-02-16,0.011515165224074697
2021-02-17,-0.0001341104160032129
2021-02-18,-0.0012073430878364886
2021-02-19,0.0022882338382480796
2021-02-22,-0.01701405231824737
2021-02-23,0.014438142200970127
2021-02-24,-0.00419696581456898
2021-02-25,-0.007321241104278434
2021-02-26,-0.002517773156194872
2021-03-01,0.008135067321228196
2021-03-02,0.011067548011984372
2021-03-03,-0.0019066510823422785
2021-03-04,0.004584241403179696
2021-03-05,0.0006270389964877036
2021-03-08,-0.006897250797891784
2021-03-09,0.002421380946854997
2021-03-10,0.001273074528548631
2021-03-11,-0.011257230945308843
2021-03-12,0.009838335375385237
2021-03-15,-0.011545266254901841
2021-03-16,0.0028901843774930603
2021-03-17,-0.007388115259778696
2021-03-18,-0.005507172075555805
2021-03-19,-0.0046193207095279725
2021-03-22,0.006633867385248702
2021-03-23,-0.009045352724419715
2021-03-24,-0.0005415973003525149
2021-03-25,0.013393692782239605
2021-03-26,-0.004596582532703243
2021-03-29,0.0007104816353931646
2021-03-30,0.006273449037645041
2021-03-31,-0.0037095951928114387
2021-04-01,0.004749737739370534
2021-04-02,-0.004344212941835497
2021-04-05,0.006537951659839079
2021-04-06,0.00143538755868798
2021-04-07,-0.006556393357213869
2021-04-08,0.012205099467797272
2021-04-09,0.00017136491312143406
2021-04-12,-0.0013097760405623529
2021-04-13,-0.00647079974421571
2021-04-14,-0.0028336558526397544
2021-04-15,0.00015381212896456008
2021-04-16,0.0022984138749702434
2021-04-19,0.009707075990719963
2021-04-20,-0.00962588849295478
2021-04-21,-0.001879150897841559
2021-04-22,0.010483719255516723
2021-04-23,0.0023664167681237674
2021-04-26,0.00417599204034509
2021-04-27,0.013653268502604277
2021-04-28,0.003607776442890225
2021-04-29,0.004637025757615061
2021-04-30,0.0005782485667579397
2021-05-03,0.015045260756458283
2021-05-04,0.009302248776311483
2021-05-05,-0.004871118341576469
2021-05-06,0.005283480534849722
2021-05-07,-0.008292979949604817
2021-05-10,0.009586561553790663
2021-05-11,0.0062565413946944004
2021-05-12,-0.0004013483341574962
2021-05-13,-0.0023432883519601275
2021-05-14,-0.013494582704976067
2021-05-17,0.006967893127794092
2021-05-18,-8.375365811392338e-05
2021-05-19,-0.0016453987003163051
2021-05-20,0.0066278844055729464
2021-05-21,-0.004481976828263215
2021-05-24,-0.0038646880057593472
2021-05-25,-0.004731844874239811
2021-05-26,-0.01000953992932357
2021-05-27,0.020085862523393474
2021-05-28,-0.0007527828784995805
2021-05-31,-0.002004127601892848
2021-06-01,0.00799718503011187
2021-06-02,-0.024407702480550113
2021-06-03,0.000533815851953783
2021-06-04,0.000873706116280952
2021-06-07,-0.007010790146712618
2021-06-08,0.004425270920980067
2021-06-09,-0.015480646988085737
2021-06-10,0.0007275285879630448
2021-06-11,0.007687750597924688
2021-06-14,-0.017239375138527652
2021-06-15,-0.011132400172189064
2021-06-16,-0.0009004189330143177
2021-06-17,0.00010804974321416353
2021-06-18,-0.005032103870895221
2021-06-21,0.0029387163104421317
2021-06-22,0.0019033636798538884
2021-06-23,-0.010908000881096202
2021-06-24,-0.00099461135683214
2021-06-25,-0.010470709915482589
2021-06-28,-0.016941449978638837
2021-06-29,-0.019684122983239585
2021-06-30,0.007785731938852515
2021-07-01,-0.0015064502030906826
2021-07-02,0.015145627525904868
2021-07-05,-0.012247397203407413
2021-07-06,-0.003402636082123847
2021-07-07,0.002133630946298841
2021-07-08,-0.0017275669204386448
2021-07-09,0.0034318072038610923
2021-07-12,0.0006016173831518179
2021-07-13,-0.0054700403975530675
2021-07-14,-0.019181026298886066
2021-07-15,-0.008118278783344673
2021-07-16,0.013275955735596725
2021-07-19,0.005666388552770403
2021-07-20,0.01058710601876227
2021-07-21,-0.005091393192566239
2021-07-22,-0.0019050119016715762
2021-07-23,-0.0073580677311732914
2021-07-26,0.0028191518393505003
2021-07-27,0.00021190310192205027
2021-07-28,0.0033632505901634697
2021-07-29,0.013859571448437481
2021-07-30,-0.006914474379681522
2021-08-02,0.005692262619408141
2021-08-03,-0.011424452847026919
2021-08-04,0.00863994290155951
2021-08-05,-0.0037200582202903177
2021-08-06,-0.0007578704881913001
2021-08-09,0.0009156320238816894
2021-08-10,0.01300006699875285
2021-08-11,-0.0004249817497004937
2021-08-12,-0.004155583868915267
2021-08-13,-0.00964913469263709
2021-08-16,0.0020351582978698564
2021-08-17,-0.007013684092733138
2021-08-18,-0.004201034455664144
2021-08-19,-0.0003778015084576167
2021-08-20,0.005201299686370927
2021-08-23,-0.0058959948075005915
2021-08-24,0.00519083219938638
2021-08-25,0.01399410016009091
2021-08-26,-0.012093068968463468
2021-08-27,0.01073058706176202
2021-08-30,0.01706376139263457
2021-08-31,-0.004896059310949697
2021-09-01,0.004749834712540193
2021-09-02,-0.011155369532285606
2021-09-03,0.002560923567813015
2021-09-06,-0.0027652009706092893
2021-09-07,0.0022806978703810957
2021-09-08,-0.00751070175507435
2021-09-09,-0.006756664986770264
2021-09-10,-0.0037736685642421855
2021-09-13,-0.005908544364315597
2021-09-14,-0.00518764124284482
2021-09-15,-0.0018781537428270508
2021-09-16,-0.009167460059614892
2021-09-17,-0.001469950341217093
2021-09-20,0.003534739783206632
2021-09-21,-0.01884623102377235
2021-09-22,0.0012300870256956292
2021-09-23,-0.006338505318308435
2021-09-24,-0.009353966044136687
2021-09-27,-0.011179945812070165
2021-09-28,-0.007252060217940696
2021-09-29,-0.006438125262560689
2021-09-30,0.002266739088471361
2021-10-01,-0.010614234630083305
2021-10-04,0.007825461450401241
2021-10-05,-0.007064424097508808
2021-10-06,0.0049682108013397045
2021-10-07,0.008220738334852113
2021-10-08,-0.010243366038563281
2021-10-11,0.008152893011220897
2021-10-12,0.017151560862734668
2021-10-13,-0.0037743547967300744
2021-10-14,0.004531470232183445
2021-10-15,-0.001076185352801076
2021-10-18,0.0006917655261350955
2021-10-19,-0.0013995994274775972
2021-10-20,-0.0038425115274732494
2021-10-21,0.0060420701989910555
2021-10-22,0.007363845214018184
2021-10-25,0.00035501779143334806
2021-10-26,0.01252040352290161
2021-10-27,0.00916359582677024
2021-10-28,0.006115899050316452
2021-10-29,-0.005224741920277237
2021-11-01,0.01577098871008764
2021-11-02,0.011154579143167002
2021-11-03,-0.016593765609667004
2021-11-04,-0.008249489585283062
2021-11-05,-0.0031865908739453536
2021-11-08,0.008162912695523652
2021-11-09,0.010627773601868654
2021-11-10,-0.001623662047401797
2021-11-11,0.0026709980672346935
2021-11-12,0.006294293227584293
2021-11-15,-0.009469120832986599
2021-11-16,0.005472204406336031
2021-11-17,-0.0016973732720899316
2021-11-18,0.0022426176266276093
2021-11-19,0.00038455572936686803
2021-11-22,-0.008669789526896138
2021-11-23,-0.0071778720262378245
2021-11-24,0.0011222676250830779
2021-11-25,0.001829371204308634
2021-11-26,-0.0013131295927959626
2021-11-29,0.009299264731030833
2021-11-30,-0.0020702943850958587
2021-12-01,-0.008940029008386585
2021-12-02,-0.0019655624938518246
2021-12-03,-0.0006027572789792023
2021-12-06,-0.00024912908537016727
2021-12-07,0.010108255165086268
2021-12-08,0.004886424945889944
2021-12-09,0.009238246351759238
2021-12-10,0.005795540241085136
2021-12-13,-0.0005111381769114881
2021-12-14,0.009112075413108975
2021-12-15,-0.0012695098867173144
2021-12-16,0.0028072088920848047
2021-12-17,-0.007188003389653834
2021-12-20,0.0016378705556807018
2021-12-21,-0.0017639148967053672
2021-12-22,0.003813135175760996
2021-12-23,0.01537552272678677
2021-12-24,0.01981957757959055
2021-12-27,0.009005238998650494
2021-12-28,0.0006239819768868175
2021-12-29,0.007466326794482513
2021-12-30,0.00270064027081781
2021-12-31,-0.003995209327496836
2022-01-03,0.0003646725033375571
2022-01-04,-0.001131768255140398
2022-01-05,-0.003963681960278204
2022-01-06,0.011916387408434252
2022-01-07,-0.0034501761500622227
2022-01-10,-0.003103027425389262
2022-01-11,0.006502793671914296
2022-01-12,-0.0046804080702401735
2022-01-13,-0.008322628649330891
2022-01-14,-0.005931840247013618
2022-01-17,0.0047356592633492805
2022-01-18,0.0038931653213224076
2022-01-19,0.003276751302780809
2022-01-20,-0.0028282936858340583
2022-01-21,-0.006417302149541904
2022-01-24,0.008147916456640734
2022-01-25,-0.010673315967243231
2022-01-26,-0.0008010068924846201
2022-01-27,-0.009702451353331554
2022-01-28,-0.002343624559092567
2022-01-31,-0.0003122396816170075
2022-02-01,0.010737308421364196
2022-02-02,-0.02202333780563274
2022-02-03,0.011857220551506458
2022-02-04,-0.0061448045139502845
2022-02-07,0.0033023222549016704
2022-02-08,0.007395137885380348
2022-02-09,-0.005159980165876719
2022-02-10,0.0002609631667808657
2022-02-11,0.0049157327663181824
2022-02-14,-1.1599112597082857e-05
2022-02-15,-0.004906452211391331
2022-02-16,0.0025022110682343733
2022-02-17,0.0018779311816980882
2022-02-18,-0.010983136499755618
2022-02-21,0.011886524742102052
2022-02-22,0.0028330932006314998
2022-02-23,-0.018344960962516907
2022-02-24,-0.005603624395144018
2022-02-25,0.014807670977785795
2022-02-28,0.013757493769262287
2022-03-01,0.00322473606051056
2022-03-02,-0.01241248566166133
2022-03-03,-0.0008298446554084014
2022-03-04,0.009553081697403255
2022-03-07,0.0042338966928312394
2022-03-08,-0.0015753405912187707
2022-03-09,-0.004797125006779015
2022-03-10,0.007705309568891283
2022-03-11,-0.0005923307687585169
2022-03-14,0.0037009772711896825
2022-03-15,0.005054207399141077
2022-03-16,0.014241462526149226
2022-03-17,0.0025944505573915417
2022-03-18,0.003200565308263302
2022-03-21,-0.013172082946204165
2022-03-22,0.010029537566354309
2022-03-23,0.008245062082167447
2022-03-24,0.0010187419208195177
2022-03-25,-0.01705017952845385
2022-03-28,-0.0033780033852532716
2022-03-29,0.0017364986563029993
2022-03-30,0.017919650970786544
2022-03-31,0.005856136128160389
2022-04-01,0.007481847268250454
2022-04-04,0.007693930167695116
2022-04-05,0.01181473102582807
2022-04-06,-0.007965297482730142
2022-04-07,-0.005702047522228638
2022-04-08,-0.00834755947823991
2022-04-11,-0.0011773346310851225
2022-04-12,-0.0017406526565935474
2022-04-13,0.001908903923427352
2022-04-14,-0.007129936973027641
2022-04-15,0.0018185716497728052
2022-04-18,-0.005768157838156235
2022-04-19,0.018007215059829027
2022-04-20,-0.003177312511868919
2022-04-21,0.021479444220260366
2022-04-22,0.014149513530549255
2022-04-25,-0.00853848504606872
2022-04-26,0.008722838338170896
2022-04-27,0.005915680867996889
2022-04-28,-0.011250217270577761
2022-04-29,0.005920004830741351
2022-05-02,0.00031652303476764344
2022-05-03,0.0038316269892929395
2022-05-04,-0.005796362431625316
2022-05-05,0.0005403791709478829
2022-05-06,0.004339884078442105
2022-05-09,-0.0004245985952769901
2022-05-10,-0.003842849206282501
2022-05-11,-0.000241329406641628
2022-05-12,-0.006827091884478344
2022-05-13,0.0037634430109599296
2022-05-16,-0.019490848414568586
2022-05-17,0.013094158734368526
2022-05-18,0.0015258655232380908
2022-05-19,0.004812527198154927
2022-05-20,0.007860473995566258
2022-05-23,-0.008941756201540654
2022-05-24,0.01926087171476137
2022-05-25,-0.007961969022009473
2022-05-26,0.004752693003074169
2022-05-27,0.0036148149589828042
2022-05-30,0.011526797770078466
2022-05-31,0.0009254375992445077
2022-06-01,-0.010306640471236635
2022-06-02,0.0035906621034929214
2022-06-03,-0.018780857824653382
2022-06-06,-0.0006319836160610059
2022-06-07,-0.0027157955064538025
2022-06-08,0.013469189609046646
2022-06-09,-0.0012867885237801283
2022-06-10,-0.0026579602193695525
2022-06-13,-0.005123771074907812
2022-06-14,-0.005921290538602457
2022-06-15,-0.003506272572068238
2022-06-16,0.005723741427875151
2022-06-17,-0.009652576538080535
2022-06-20,-0.000768925785701989
2022-06-21,-0.010829399499037905
2022-06-22,-0.0004455008443936232
2022-06-23,0.0021931571744069956
2022-06-24,-0.00901224955644867
2022-06-27,-0.0037249808836937403
2022-06-28,0.0016934325351952747
2022-06-29,0.007025758679393365
2022-06-30,0.008464875579884278
2022-07-01,-6.588862522539474e-05
2022-07-04,-0.007193170970670376
2022-07-05,-0.01221634271499014
2022-07-06,0.007058898351596722
2022-07-07,0.011991681313727241
2022-07-08,0.003735679839281901
2022-07-11,0.013352029308267474
2022-07-12,-0.0028411979387676666
2022-07-13,-0.002347690076276316
2022-07-14,0.013389719937496044
2022-07-15,-0.007302300570484633
2022-07-18,0.005644986609430624
2022-07-19,0.003890701812981815
2022-07-20,0.002023239930049942
2022-07-21,0.014691158154109847
2022-07-22,-0.00626363272881272
2022-07-25,-0.002646444626000427
2022-07-26,-0.015991259987305044
2022-07-27,-0.0076257794548380605
2022-07-28,-0.0033315624151641697
2022-07-29,-0.00232521123995059
2022-08-01,-0.0008426918987298528
2022-08-02,0.00319223546062718
2022-08-03,-0.0045744245999841445
2022-08-04,-0.01511791008100003
2022-08-05,0.0020145810109962418
2022-08-08,0.004175137869380714
2022-08-09,-0.008542990311925548
2022-08-10,-0.005534394496649568
2022-08-11,0.014944025062239552
2022-08-12,0.00904615329210795
2022-08-15,0.009540500927327035
2022-08-16,0.0061750927821949625
2022-08-17,0.0019692041099646247
2022-08-18,-0.0033118879523083788
2022-08-19,0.005391438271444818
2022-08-22,-0.0008058408258342212
2022-08-23,-0.0027512336096530746
2022-08-24,0.0006998127891734773
2022-08-25,0.00014222900726122874
2022-08-26,0.007941841030963539
2022-08-29,-0.006927739126171482
2022-08-30,0.02083844674711454
2022-08-31,-0.007316341129886638
2022-09-01,-0.002646858306424754
2022-09-02,0.008380620761138784
2022-09-05,-0.00594369161054732
2022-09-06,-0.0030864590147271108
2022-09-07,0.0010163870827814214
2022-09-08,-0.023082937123253943
2022-09-09,-0.0032909441228383836
2022-09-12,-0.00697310011814951
2022-09-13,-0.0011950514984774975
2022-09-14,0.004811376553371726
2022-09-15,0.00594459837676891
2022-09-16,0.012892027865638544
2022-09-19,0.012416805522613952
2022-09-20,0.009125656833020863
2022-09-21,0.0004877904313782782
2022-09-22,0.00920945205654463
2022-09-23,-0.007206736203979982
2022-09-26,3.398645937025186e-05
2022-09-27,0.012409743538915309
2022-09-28,0.007188557774597311
2022-09-29,-0.010443212358687361
2022-09-30,-0.003951839122027834
2022-10-03,0.008120568395668623
2022-10-04,0.005801465468487097
2022-10-05,0.009526034055869027
2022-10-06,-0.013403655135278653
2022-10-07,-0.00936046336955594
2022-10-10,-0.001161625088129667
2022-10-11,-0.006995512633133704
2022-10-12,0.0006246071297691198
2022-10-13,0.0009870753184270421
2022-10-14,0.003690953329488878
2022-10-17,-0.00014655961596461708
2022-10-18,0.00544950122337411
2022-10-19,0.007209638042921895
2022-10-20,0.0021746387336647756
2022-10-21,-0.008907845268182021
2022-10-24,0.011355110025819426
2022-10-25,0.002706497412956994
2022-10-26,0.004372649310016505
2022-10-27,0.002344213250367963
2022-10-28,-0.012019670306627513
2022-10-31,0.005626427603639039
2022-11-01,-0.00432199333075911
2022-11-02,-0.008872978755624634
2022-11-03,0.011318202144017271
2022-11-04,-0.001505831978363517
2022-11-07,0.0032807449412838286
2022-11-08,0.00813741479283368
2022-11-09,0.01399242287746892
2022-11-10,-0.013654626870523812
2022-11-11,-0.00504177195296059
2022-11-14,0.006393902175606739
2022-11-15,-0.004440703740941133
2022-11-16,-0.025335856756652494
2022-11-17,0.0021008668801580973
2022-11-18,0.002754887305261727
2022-11-21,0.007337620595240826
2022-11-22,0.002791373514579792
2022-11-23,-0.00261281124068191
2022-11-24,0.0026639645717584206
2022-11-25,0.0006611698693186369
2022-11-28,-0.00313028023043596
2022-11-29,0.0030048887023348425
2022-11-30,0.0038065414103648472
2022-12-01,-0.00722368634750617
2022-12-02,0.009212415557541717
2022-12-05,0.007613141726340587
2022-12-06,0.007281884986143042
2022-12-07,-0.02118005497780466
2022-12-08,0.001884548399440111
2022-12-09,-6.135605418913705e-05
2022-12-12,-0.007130517592255862
2022-12-13,0.005610972569003531
2022-12-14,-0.011188312140492982
2022-12-15,0.010846570317426045
2022-12-16,0.004034890052737036
2022-12-19,-0.003148633939312523
2022-12-20,0.012391949107611057
2022-12-21,0.004636192591862812
2022-12-22,0.0036107604340893753
2022-12-23,-0.00957539548611079
2022-12-26,0.005154326297471889
2022-12-27,0.012252728085646432
2022-12-28,0.009783574789325773
2022-12-29,-0.009496630241384224
2022-12-30,0.01208999779681594
2023-01-02,0.013798883551767217
2023-01-03,0.00769118852593658
2023-01-04,-0.0022334074036555796
2023-01-05,-0.011254751547524115
2023-01-06,-0.006492873823122972
2023-01-09,-0.0038498430956851863
2023-01-10,0.0030012565876096366
2023-01-11,0.005229678645326014
2023-01-12,-0.005215704682391308
2023-01-13,-0.012445901357579867
2023-01-16,-0.0026054822067580192
2023-01-17,-0.01000763512493149
2023-01-18,0.011414129178238974
2023-01-19,-0.009270269669782895
2023-01-20,0.004493207558800995
2023-01-23,0.007254117497209272
2023-01-24,-0.007326628454176686
2023-01-25,0.00865075141128568
2023-01-26,-0.0006098339605972509
2023-01-27,-0.005878102163487858
2023-01-30,-0.007139614762891431
2023-01-31,0.0013572293058491491
2023-02-01,0.009114663287197025
2023-02-02,-0.014870030373055275
2023-02-03,0.005381653398501744
2023-02-06,-0.0007983616315310212
2023-02-07,-0.005688385027039929
2023-02-08,-0.0004401621414484852
2023-02-09,0.0003198364307599674
2023-02-10,-6.631638257968676e-05
2023-02-13,0.0069522585379492565
2023-02-14,-0.006864836546287538
2023-02-15,0.01633681516939653
2023-02-16,0.007645331175171145
2023-02-17,-0.00436590606192346
2023-02-20,-0.015098846488801642
2023-02-21,0.0002941355618388873
2023-02-22,-0.002812348241776685
2023-02-23,0.006492583439411874
2023-02-24,0.006349534102920008
2023-02-27,0.01597996094594521
2023-02-28,-0.0004890013015240671
2023-03-01,0.006960506778202946
2023-03-02,-0.0028244721440025215
2023-03-03,-0.0023997224613483193
2023-03-06,0.013000947532747234
2023-03-07,-0.00046611811179636455
2023-03-08,-0.00021223891231529873
2023-03-09,-0.002183863433002272
2023-03-10,0.0033188329114808407
2023-03-13,0.005508768945652462
2023-03-14,-0.0002460208339508412
2023-03-15,-0.008508194098754597
2023-03-16,0.0034913669629201886
2023-03-17,-0.005878349599924237
2023-03-20,-0.0021053941871843566
2023-03-21,0.0025253627551902022
2023-03-22,0.002809005026491675
2023-03-23,-0.01792902531006281
2023-03-24,0.01454813052860111
2023-03-27,0.007264166328771933
2023-03-28,0.016447970613888373
2023-03-29,0.021153831992585657
2023-03-30,-0.0067875153598874255
2023-03-31,-0.003775466713451947
2023-04-03,0.002755333085536211
2023-04-04,0.008298567818354413
2023-04-05,-0.00341446719735385
2023-04-06,-0.0018515703078978468
2023-04-07,0.009347142008434083
2023-04-10,-0.006498971505302905
2023-04-11,0.0023552512836504083
2023-04-12,0.009374713140396247
2023-04-13,-0.0015199297360947812
2023-04-14,0.006853295411900091
2023-04-17,-0.00038821427575220027
2023-04-18,-0.012293138973104273
2023-04-19,-0.003908260130606022
2023-04-20,-0.0011945148734475168
2023-04-21,-0.0023086087458184497
2023-04-24,0.0005725311204213218
2023-04-25,0.0035301599423415526
2023-04-26,0.00262772356566386
2023-04-27,0.0017013550784488116
2023-04-28,-0.0032660288118789827
2023-05-01,-0.0015894568041517564
2023-05-02,-0.0028658136114921118
2023-05-03,-0.004630322312037933
2023-05-04,0.011152390134659967
2023-05-05,-0.015266734305727303
2023-05-08,0.0018832560963622925
2023-05-09,-0.013223069295449016
2023-05-10,-0.004917354125649948
2023-05-11,0.006308011583783379
2023-05-12,-0.0024660664959087223
2023-05-15,0.011046611396199231
2023-05-16,-0.007899421189104139
2023-05-17,-0.0026880314689845283
2023-05-18,-0.005448022234938905
2023-05-19,-0.00030253111716192543
2023-05-22,-0.002972638468650949
2023-05-23,-0.003547042909688792
2023-05-24,0.0001582018668480604
2023-05-25,0.008305727111159207
2023-05-26,0.0005766223352571176
2023-05-29,-0.00023304999687568794
2023-05-30,-0.003083479512462084
2023-05-31,-0.00648622831947595
2023-06-01,-0.012474116793472656
2023-06-02,-0.009312710131149777
2023-06-05,-0.0006723110725104594
2023-06-06,-0.016356941472497475
2023-06-07,0.004248887591791429
2023-06-08,-0.004431981927950848
2023-06-09,-0.008621938109314942
2023-06-12,-0.005489978108266398
2023-06-13,0.004167105932055322
2023-06-14,0.0018378894042929178
2023-06-15,0.00101748487862012
2023-06-16,0.01311733221912919
2023-06-19,0.017871811847103035
2023-06-20,-0.011131232913108944
2023-06-21,0.00636640565741975
2023-06-22,-0.0067656614142349745
2023-06-23,-0.011597969151366298
2023-06-26,-0.0046642622054202795
2023-06-27,0.00784888758917936
2023-06-28,-0.0027029268361368824
2023-06-29,-0.00393636709984909
2023-06-30,0.011321833375905019
2023-07-03,0.004219575024338662
2023-07-04,-0.0004056443413242042
2023-07-05,0.014917703069170278
2023-07-06,0.004356697843568444
2023-07-07,-0.005322554980990189
2023-07-10,-0.008152906838229796
2023-07-11,-0.002729316076027073
2023-07-12,0.002074727770491296
2023-07-13,0.008331873683580278
2023-07-14,0.007599896898809999
2023-07-17,0.0017581115553862397
2023-07-18,-0.008575054446193256
2023-07-19,0.008341160480239468
2023-07-20,0.0016007233049064537
2023-07-21,-0.007948410932200537
2023-07-24,-0.009123488288158814
2023-07-25,0.0025656198980430612
2023-07-26,0.0035440228194369605
2023-07-27,0.00727981062097961
2023-07-28,-0.00910743581991397
2023-07-31,0.01613197014785571
2023-08-01,-0.01396458555860352
2023-08-02,0.0003328829828854856
2023-08-03,0.011436676207591237
2023-08-04,0.0090166160786181
2023-08-07,-0.007103201711363378
2023-08-08,0.005506524540944315
2023-08-09,0.010496547100181804
2023-08-10,0.006508912191245176
2023-08-11,-0.007379496410607695
2023-08-14,0.01397183821350663
2023-08-15,-0.012619087986763484
2023-08-16,0.000819161643241788
2023-08-17,-0.008184053441831781
2023-08-18,-0.003038122081157055
2023-08-21,-0.0022843347492020032
2023-08-22,0.004377964237651236
2023-08-23,-0.009853195292192338
2023-08-24,0.0020830110847403845
2023-08-25,0.010769550092738521
2023-08-28,0.0009415546265679141
2023-08-29,0.004676327965988971
2023-08-30,0.003754609857188866
2023-08-31,-0.005733661168841796
2023-09-01,-0.0027149847093726463
2023-09-04,0.0006557944999656459
2023-09-05,0.004112330919930638
2023-09-06,0.01664656398590358
2023-09-07,0.013425136272356477
2023-09-08,-0.003505585551676941
2023-09-11,-0.003238658531232921
2023-09-12,-0.00793981619344868
2023-09-13,-0.018427509083030695
2023-09-14,0.010809464941659607
2023-09-15,0.004520768367751576
2023-09-18,-0.015487662638617951
2023-09-19,0.00035042179620472537
2023-09-20,0.019287413185589325
2023-09-21,0.00421178947450067
2023-09-22,0.00436637970919844
2023-09-25,0.001949848423200791
2023-09-26,-0.005883161095889903
2023-09-27,-0.009150816470086741
2023-09-28,-0.006396649058992083
2023-09-29,0.0015287333795912374
2023-10-02,-0.0015969392063697428
2023-10-03,0.005998909684014626
2023-10-04,0.014612910591227496
2023-10-05,0.005223568462702644
2023-10-06,0.007219972353122249
2023-10-09,-0.0024009294215434096
2023-10-10,-0.010018922651836818
2023-10-11,0.018005584994856712
2023-10-12,0.006370506428566397
2023-10-13,0.010088846357769632
2023-10-16,-0.002531165286299656
2023-10-17,-0.01322597753787825
2023-10-18,0.011216885891260086
2023-10-19,-0.016928194960820986
2023-10-20,-0.0008255577508888059
2023-10-23,-0.003812969961777471
2023-10-24,0.002322001798389184
2023-10-25,0.007096409438532465
2023-10-26,0.007182143338838673
2023-10-27,-0.01650844757378794
2023-10-30,0.008547902034412322
2023-10-31,-0.014927475409606273
2023-11-01,0.00598397137008182
2023-11-02,-0.0030519445974516593
2023-11-03,-0.008710363405631581
2023-11-06,-0.0037937673541027397
2023-11-07,-0.01021227275216273
2023-11-08,0.0004123381957903053
2023-11-09,0.008152738871033925
2023-11-10,0.007022119823540267
2023-11-13,0.0008796644201658596
2023-11-14,0.009459133862929577
2023-11-15,0.004629606674518139
2023-11-16,0.018052225373618804
2023-11-17,0.004748823764392031
2023-11-20,-0.004292776158302534
2023-11-21,-0.001811404138302736
2023-11-22,-0.0056249506653955434
2023-11-23,-0.0018253451766000782
2023-11-24,-0.0006315659952717906
2023-11-27,0.0061159190225959625
2023-11-28,0.006887041561583011
2023-11-29,0.0009723846283029048
2023-11-30,0.003994668953400835
2023-12-01,-0.0054529994274723345
2023-12-04,-0.003921960237490668
2023-12-05,-0.01949673234610586
2023-12-06,-0.005785749645131055
2023-12-07,-0.0035184604471362635
2023-12-08,0.02142429747978855
2023-12-11,-0.010481673397025772
2023-12-12,0.0010571503201802176
2023-12-13,-0.0021812256604921395
2023-12-14,-0.012317842884882933
2023-12-15,0.0026460625200033176
2023-12-18,0.0006208205834017599
2023-12-19,-0.011363073863031894
2023-12-20,-0.018448935196355
2023-12-21,4.8450050014325484e-05
2023-12-22,-0.01111967706861161
2023-12-25,0.006008715665387111
2023-12-26,-0.0017092441855622535
2023-12-27,0.004887176621920914
2023-12-28,-0.001915480206793775
2023-12-29,0.013135857835279915
2024-01-01,0.006228413265942113
2024-01-02,0.013044543530334128
2024-01-03,0.001609873893933014
2024-01-04,-0.007656111645913384
2024-01-05,-0.010857263963758409
2024-01-08,-0.003392174802706508
2024-01-09,0.0030825135688935875
2024-01-10,-0.004396319977126762
2024-01-11,0.02073620362151718
2024-01-12,0.0002424692649450784
2024-01-15,0.004531618814695428
2024-01-16,0.001491686366347357
2024-01-17,-0.009419713498001789
2024-01-18,0.009478213299948433
2024-01-19,0.006154616195520671
2024-01-22,0.007941228534328298
2024-01-23,-0.006704663306846933
2024-01-24,0.0010806324668035
2024-01-25,0.0006230366459348121
2024-01-26,0.010507494964012409
2024-01-29,-0.01029977233063747
2024-01-30,0.006486046538455993
2024-01-31,0.011372685786890855
2024-02-01,-0.002388571606904524
2024-02-02,-0.0055895646310582725
2024-02-05,0.01189135435416039
2024-02-06,0.003081912553066136
2024-02-07,0.010328709030524892
2024-02-08,0.007279177243784735
2024-02-09,0.00987995780093943
2024-02-12,-0.00033075347146740107
2024-02-13,-0.01617758622804016
2024-02-14,0.006043539923382043
2024-02-15,-0.004414567057322787
2024-02-16,0.006243961314520494
2024-02-19,-0.0031065287708728433
2024-02-20,0.01453251089138065
2024-02-21,-0.0007975861793652034
2024-02-22,0.00801278038398564
2024-02-23,0.010317507508862796
2024-02-26,0.0005878732478616348
2024-02-27,0.00391093863142945
2024-02-28,0.0011058516748150761
2024-02-29,-0.006343713111524909
2024-03-01,0.013293824381145557
2024-03-04,-0.0062717234946019045
2024-03-05,-0.011611441153617527
2024-03-06,-0.002948429998381484
2024-03-07,0.0022438074200036777
2024-03-08,0.001719692878291015
2024-03-11,-0.0016245558620231327
2024-03-12,-0.00256732014315041
2024-03-13,-0.016426494150821015
2024-03-14,0.0062447098471942
2024-03-15,0.015337033848096622
2024-03-18,-0.004882166143947753
2024-03-19,-0.013685273464738478
2024-03-20,0.007207181953894653
2024-03-21,-0.0003344376344789757
2024-03-22,-0.03165542826563398
2024-03-25,-0.005119409469526774
2024-03-26,-0.010900249454960962
2024-03-27,-0.008593682717081736
2024-03-28,0.017460455845103386
2024-03-29,0.009223443804725133
2024-04-01,-0.00018866972150948164
2024-04-02,0.0012679388517288332
2024-04-03,0.01412418073483031
2024-04-04,-0.007867798634452925
2024-04-05,0.0072936515454705
2024-04-08,-0.004060614326390919
2024-04-09,0.008109767593647803
2024-04-10,0.003058117946949158
2024-04-11,-0.004918239904128104
2024-04-12,0.010018337154102903
2024-04-15,0.005736685666189974
2024-04-16,0.016436219714942742
2024-04-17,-0.002092008327603711
2024-04-18,0.0024057011721847054
2024-04-19,-0.004435893324918769
2024-04-22,0.01133500726190354
2024-04-23,-0.0050011780949088015
2024-04-24,0.0011175561401258057
2024-04-25,0.012027790468797756
2024-04-26,0.005618814686410599
2024-04-29,0.003634555488956619
2024-04-30,0.0034323806452970455
2024-05-01,0.004032441681319177
2024-05-02,0.006574654163183805
2024-05-03,-0.0013002796739899677
2024-05-06,-0.015233388764086335
2024-05-07,0.012238462751018664
2024-05-08,-0.007569108998181763
2024-05-09,0.01641811763241262
2024-05-10,0.0035510683507759054
2024-05-13,0.027478564585629774
2024-05-14,0.010934838800245969
2024-05-15,0.0046818916989040185
2024-05-16,0.008795971572686244
2024-05-17,-0.010390216219786587
2024-05-20,0.002614618446075396
2024-05-21,-0.0018714117675547731
2024-05-22,0.0012700451826415083
2024-05-23,-0.015868883234712212
2024-05-24,-0.017127638688174653
2024-05-27,0.0070054836811566665
2024-05-28,0.0014068160261367472
2024-05-29,-0.002689707283821854
2024-05-30,0.0001865112311409344
2024-05-31,-0.0044654920713476645
2024-06-03,-0.0030637934406258687
2024-06-04,0.006578125361645123
2024-06-05,-0.0010586044763115374
2024-06-06,0.00667455805901726
2024-06-07,-0.0050116715752237155
2024-06-10,-0.014182321715670937
2024-06-11,-0.004639813292464194
2024-06-12,-0.000377150222555944
2024-06-13,-0.008504682009569744
2024-06-14,-0.002449634851855429
2024-06-17,-0.0034271862932094975
2024-06-18,0.008445139212816182
2024-06-19,0.0077252485897931185
2024-06-20,0.009823535657807875
2024-06-21,-0.005642815743187503
2024-06-24,0.0035295463363688726
2024-06-25,0.01140664287819535
2024-06-26,0.0021828194202336473
2024-06-27,0.00011664517032288109
2024-06-28,-0.0056665117404054765
2024-07-01,0.007630164542194983
2024-07-02,0.002161443203946453
2024-07-03,0.009005453732138393
2024-07-04,-0.0005546684075104265
2024-07-05,0.01782314087933883
2024-07-08,0.0004834377938195147
2024-07-09,-0.00949893913822696
2024-07-10,0.0023942412528901802
2024-07-11,0.004706691896301088
2024-07-12,0.011358570901881426
2024-07-15,-0.0032549165125654125
2024-07-16,-0.00380688882101974
2024-07-17,-0.001541625742167714
2024-07-18,-0.002569416968001244
2024-07-19,-0.016889915472156073
2024-07-22,0.006647163692311217
2024-07-23,0.011073223251773465
2024-07-24,-0.00562807697683776
2024-07-25,-0.007487136534001893
2024-07-26,-0.0004836935652037666
2024-07-29,-0.006064991191812572
2024-07-30,0.007267075018590246
2024-07-31,-0.004435888123843601
2024-08-01,0.005809234434790071
2024-08-02,-0.009551739404056871
2024-08-05,-0.010961938787966585
2024-08-06,-0.012119455233326252
2024-08-07,-0.011008287023117236
2024-08-08,0.004316458283918947
2024-08-09,0.00777263731822756
2024-08-12,0.001977163621718871
2024-08-13,0.0025495218306493973
2024-08-14,-0.017500620833521073
2024-08-15,0.009998056184808406
2024-08-16,-0.00944644497040072
2024-08-19,0.011569739158893987
2024-08-20,0.02078984724217886
2024-08-21,0.0013053745782080496
2024-08-22,0.00594437848608662
2024-08-23,0.005919120834622236
2024-08-26,-0.010077657037096973
2024-08-27,-0.008549274025511536
2024-08-28,-0.004906750504923441
2024-08-29,0.002054781956033092
2024-08-30,0.007745601542642826
2024-09-02,0.0017530301669908097
2024-09-03,0.009904287405966187
2024-09-04,-0.00340484431863781
2024-09-05,-0.010877882657848427
2024-09-06,0.0010452444496607655
2024-09-09,0.0003465071074983815
2024-09-10,-0.010915134060272834
2024-09-11,0.009297975608539528
2024-09-12,-0.007074582477355941
2024-09-13,-0.005159862887171771
2024-09-16,0.0026518605417967006
2024-09-17,-0.008056382841112486
2024-09-18,0.005933919496275278
2024-09-19,0.004031751064766955
2024-09-20,0.0045838808666278565
2024-09-23,0.0008210371432732877
2024-09-24,-0.0030722469741484987
2024-09-25,-0.005413356038883349
2024-09-26,0.0033988358502277287
2024-09-27,0.012150966588726332
2024-09-30,0.007377920699237212
2024-10-01,0.003972283053855798
2024-10-02,0.009194354658621718
2024-10-03,0.011921158836537774
2024-10-04,-0.009357406344003264
2024-10-07,0.0006581649802111809
2024-10-08,0.011077617984963659
2024-10-09,-0.0043154081347405275
2024-10-10,-0.0027959042754310596
2024-10-11,0.0061339653062637825
2024-10-14,-0.0007372790084069586
2024-10-15,0.01103690971658329
2024-10-16,-0.0014562437045214927
2024-10-17,0.006037629315679395
2024-10-18,0.02180541119276616
2024-10-21,0.010597926025788029
2024-10-22,-0.010003306436533351
2024-10-23,-0.007422002398873213
2024-10-24,-0.007144163548365534
2024-10-25,0.0007322340846869513
2024-10-28,-0.010391127289438206
2024-10-29,0.005717164913167274
2024-10-30,0.01529661066619363
2024-10-31,0.01397643269839255
2024-11-01,-0.005143845520971156
2024-11-04,-0.0012032531920945617
2024-11-05,-0.00138946771012989
2024-11-06,-0.005725049609051119
2024-11-07,0.015005043690237932
2024-11-08,-0.004602440026544732
2024-11-11,-0.008127092903558853
2024-11-12,0.003982702131790742
2024-11-13,0.0037553255740415555
2024-11-14,0.013531888869747247
2024-11-15,0.013601438467590968
2024-11-18,-0.0005269538239509589
2024-11-19,-0.01623343171465065
2024-11-20,0.006501713022798474
2024-11-21,0.0075646393472337745
2024-11-22,0.015660039367323374
2024-11-25,-0.0119944229034252
2024-11-26,-0.008669456977473336
2024-11-27,0.013636608451003163
2024-11-28,0.014198280042449357
2024-11-29,0.011497609942617455
2024-12-02,0.0006440772142741227
2024-12-03,0.011387474540675298
2024-12-04,-0.003751723089750789
2024-12-05,-0.009434915007317113
2024-12-06,0.00024158252525460842
2024-12-09,0.0015795264531614731
2024-12-10,0.007320893304595757
2024-12-11,0.00965809601012158
2024-12-12,-0.013760426905815767
2024-12-13,0.0029787847478059673
2024-12-16,0.004635258638280655
2024-12-17,-0.00973075305172202
2024-12-18,-0.001558801181495129
2024-12-19,0.0010565095564514264
2024-12-20,0.004235346057028262
2024-12-23,-0.00646664324153972
2024-12-24,-0.004359090085498856
2024-12-25,-0.008474350231047633
2024-12-26,0.0033289291889868193
2024-12-27,-0.0021901530098762585
2024-12-30,-0.004288629463444827
2024-12-31,0.005761635479422616
2025-01-01,-0.000877092301689665
2025-01-02,-0.009302627598428028
2025-01-03,0.009793083472305376
2025-01-06,0.008465161986760249
2025-01-07,0.004251371947586913
2025-01-08,-0.007986763496626229
2025-01-09,0.009553693236869824
2025-01-10,-0.004317525116796804
2025-01-13,-0.01479981156394103
2025-01-14,-0.0005590155198689142
2025-01-15,0.015196913121566367
2025-01-16,-0.0031883594410962624
2025-01-17,0.005264078004700481
2025-01-20,0.011646763928836212
2025-01-21,0.0019832193580297253
2025-01-22,-0.0020786957813655866
2025-01-23,0.000575406498905887
2025-01-24,0.005206493721474655
2025-01-27,-0.003678608132326408
2025-01-28,0.0033072272279877166
2025-01-29,0.004999558120914837
2025-01-30,-0.002580961459183583
2025-01-31,0.00631905056049925
2025-02-03,0.005034647389844449
2025-02-04,-0.0021566467942742357
2025-02-05,-0.0010183574877868288
2025-02-06,0.0013914272106129934
2025-02-07,-0.0007237124607460929
2025-02-10,-0.0012086509292757114
2025-02-11,-0.00779585745651613
2025-02-12,0.0013588886744217489
2025-02-13,0.0064433770075202745
2025-02-14,0.005671095144900699
2025-02-17,-0.006148582591582803
2025-02-18,0.005037985824422683
2025-02-19,0.00543420966128018
2025-02-20,-0.006934101412353354
2025-02-21,0.004726294617094652
2025-02-24,-0.0008823103414906361
2025-02-25,-0.0024771262518810764
2025-02-26,0.002395921700736409
2025-02-27,-0.0011656966525851612
2025-02-28,-0.01741993342197948
2025-03-03,0.002215303770251083
2025-03-04,-0.008480434237545202
2025-03-05,-0.00023079181329125535
2025-03-06,0.0059859010166428295
2025-03-07,-0.0013792124717567139
2025-03-10,-0.0030929954120764644
2025-03-11,0.0015837673289862228
2025-03-12,0.004460564709593633
2025-03-13,-0.006230268226361
2025-03-14,-0.004590613536963791
2025-03-17,0.004473647043515599
2025-03-18,0.013287590592335814
2025-03-19,0.0004567817932881641
2025-03-20,0.0074871873964004465
2025-03-21,-0.005473146725233549
2025-03-24,0.0005227017984935202
2025-03-25,0.0010207810485097165
2025-03-26,-0.009862456199847476
2025-03-27,0.0002821454565436431
2025-03-28,-0.0010773148894769875
2025-03-31,-0.020004824004085552
2025-04-01,-0.000339348148530626
2025-04-02,0.002697274599152168
2025-04-03,0.002245486783090459
2025-04-04,0.0028458035316541288
2025-04-07,-0.008616476427740303
2025-04-08,-0.005633997938480049
2025-04-09,-0.0013135451443156963
2025-04-10,-0.006720396992490536
2025-04-11,-0.0035461618311158527
2025-04-14,0.009916415704591003
2025-04-15,-0.006867687178069281
2025-04-16,-0.0025570181174478035
2025-04-17,0.014771026039327364
2025-04-18,-0.0008749492220469283
2025-04-21,-0.0077733535614760065
2025-04-22,0.0022815054474931424
2025-04-23,0.00169041353771519
2025-04-24,0.0013861024113558994
2025-04-25,-0.012883835354753615
2025-04-28,0.0025979500900813173
2025-04-29,0.0033931629738255162
2025-04-30,0.016788620972233943
2025-05-01,0.005888958599181619
2025-05-02,-0.0029098845518047726
2025-05-05,0.0030884606182690565
2025-05-06,0.005948373443577184
2025-05-07,-0.00048649699442373476
2025-05-08,0.00037306219144496097
2025-05-09,0.011594274575018288
2025-05-12,0.004666805272914505
2025-05-13,0.004918238135540854
2025-05-14,-0.006772580198096743
2025-05-15,0.004316702938019918
2025-05-16,-0.014096370898433817
2025-05-19,0.010752221848878082
2025-05-20,-0.0026190480923210884
2025-05-21,0.0061129122078314784
2025-05-22,0.012180055514734382
2025-05-23,-0.007438326268574215
2025-05-26,0.01035808602170398
2025-05-27,0.0030128358546205754
2025-05-28,0.010366714497159531
2025-05-29,-0.0015978843868999578
2025-05-30,-0.004172463986210176
2025-06-02,0.011557014676821091
2025-06-03,0.004666384385190835
2025-06-04,0.0017457772271884998
2025-06-05,-0.007697285313481033
2025-06-06,0.011814548337005577
2025-06-09,-0.00126368043061688
2025-06-10,-0.00035435453790973886
2025-06-11,-0.004088827370294422
2025-06-12,0.0014635778789964097
2025-06-13,0.006062580424780044
2025-06-16,0.0008747320450872807
2025-06-17,0.000656405865055541
2025-06-18,-0.003019712635223556
2025-06-19,0.013097714986475167
2025-06-20,0.0141271493776836
2025-06-23,-0.0010068480014881684
2025-06-24,-0.005659733045018307
2025-06-25,0.0033499269596930265
2025-06-26,-0.011494623323465519
2025-06-27,0.003192205286025604
2025-06-30,0.0033770069813943157
2025-07-01,0.0025185440596508096
2025-07-02,0.013783390104976343
2025-07-03,0.015688140364548825
2025-07-04,0.004761655342330163
2025-07-07,-0.0015973535319240223
2025-07-08,0.00934345303738418
2025-07-09,0.010217387462081574
2025-07-10,-0.008195554808075815
2025-07-11,-0.0045261209001524975
2025-07-14,-0.0008200800604568681
2025-07-15,-0.011878181405234351
2025-07-16,-0.007558020296348536
2025-07-17,0.01409763402064887
2025-07-18,-0.008715045451098963
2025-07-21,0.007862012049162984
2025-07-22,-0.005128768523452706
2025-07-23,0.00903315719250205
2025-07-24,0.003758738389687278
2025-07-25,0.00830312739320444
2025-07-28,-0.009703474105384118
2025-07-29,0.0035058381354348277
2025-07-30,-0.003245621507669535
2025-07-31,0.007248616868706684
2025-08-01,0.006856592934033307
2025-08-04,0.002571293672411904
2025-08-05,0.00022430319743235673
2025-08-06,0.0011306624644069052
2025-08-07,0.003193611041178267
2025-08-08,-0.0027939268848686015
2025-08-11,-0.0022256073426157276
2025-08-12,-0.003855302721394349
2025-08-13,-0.0070818510114875905
2025-08-14,0.009401481005651127
2025-08-15,-0.00918887322964084
2025-08-18,0.011411093195460801
2025-08-19,0.006759771128604793
2025-08-20,-0.012251068792934703
2025-08-21,-0.013221918711986337
2025-08-22,0.0013635643244060722
2025-08-25,-0.007206937309522304
2025-08-26,0.0022638805416103024
2025-08-27,0.00863480195836344
2025-08-28,0.0039767636472070045
2025-08-29,-0.0005284418116032599
2025-09-01,-0.0002653277947937798
2025-09-02,0.012746520460254535
2025-09-03,-0.0016535576817388441
2025-09-04,0.014847185755149627
2025-09-05,0.017285501803617532
2025-09-08,-0.0016135288181588466
2025-09-09,0.0036157100919146836
2025-09-10,0.01479454613970986
2025-09-11,-0.004128834089616301
2025-09-12,0.00475052057070378
2025-09-15,0.009665944926466804
2025-09-16,-0.006739006589205818
2025-09-17,0.004354042186102329
2025-09-18,0.002480378654095913
2025-09-19,-0.0026676007001125725
2025-09-22,0.013613587669918666
2025-09-23,0.0004311252076159335
2025-09-24,0.019440059568314974
2025-09-25,0.007154060099746775
2025-09-26,-0.003993466508630703
2025-09-29,0.0036239231661270134
2025-09-30,-0.004458697264796752
